1.0000,12.9113,0.2365,0.2365,0.5744,0.2318,0.6994
2.0000,12.5936,0.2368,0.2365,0.5516,0.2159,0.7097
3.0000,12.4335,0.2333,0.2365,0.5439,0.2136,0.7117
4.0000,12.3655,0.2336,0.2365,0.5373,0.2102,0.7165
5.0000,12.3163,0.2371,0.2365,0.5308,0.2082,0.7183
6.0000,12.2766,0.2365,0.2365,0.5299,0.2090,0.7193
7.0000,12.2433,0.2350,0.2365,0.5270,0.2080,0.7215
8.0000,12.2138,0.2318,0.2365,0.5279,0.2090,0.7216
9.0000,12.1869,0.2276,0.2365,0.5296,0.2092,0.7224
10.0000,12.1623,0.2258,0.2365,0.5329,0.2099,0.7222
11.0000,12.1393,0.2264,0.2365,0.5335,0.2103,0.7228
12.0000,12.1177,0.2232,0.2365,0.5341,0.2111,0.7229
13.0000,12.0973,0.2208,0.2365,0.5365,0.2121,0.7227
14.0000,12.0779,0.2196,0.2365,0.5382,0.2130,0.7227
15.0000,12.0595,0.2196,0.2365,0.5391,0.2130,0.7228
16.0000,12.0420,0.2190,0.2365,0.5409,0.2137,0.7229
17.0000,12.0252,0.2187,0.2365,0.5409,0.2146,0.7233
18.0000,12.0093,0.2193,0.2365,0.5442,0.2166,0.7223
19.0000,11.9940,0.2199,0.2365,0.5451,0.2174,0.7221
20.0000,11.9793,0.2170,0.2365,0.5451,0.2176,0.7225
21.0000,11.9652,0.2196,0.2365,0.5459,0.2184,0.7227
22.0000,11.9517,0.2181,0.2365,0.5498,0.2196,0.7214
23.0000,11.9387,0.2178,0.2365,0.5522,0.2209,0.7209
24.0000,11.9261,0.2184,0.2365,0.5516,0.2202,0.7214
25.0000,11.9140,0.2208,0.2365,0.5528,0.2206,0.7212
26.0000,11.9024,0.2220,0.2365,0.5539,0.2213,0.7209
27.0000,11.8911,0.2223,0.2365,0.5554,0.2219,0.7203
28.0000,11.8802,0.2220,0.2365,0.5572,0.2230,0.7198
29.0000,11.8696,0.2232,0.2365,0.5584,0.2239,0.7193
30.0000,11.8594,0.2253,0.2365,0.5590,0.2243,0.7192
31.0000,11.8495,0.2250,0.2365,0.5596,0.2254,0.7185
32.0000,11.8399,0.2253,0.2365,0.5599,0.2249,0.7194
33.0000,11.8306,0.2270,0.2365,0.5608,0.2256,0.7188
34.0000,11.8215,0.2282,0.2365,0.5622,0.2259,0.7185
35.0000,11.8127,0.2285,0.2365,0.5631,0.2258,0.7183
36.0000,11.8042,0.2306,0.2365,0.5631,0.2261,0.7182
37.0000,11.7959,0.2330,0.2365,0.5634,0.2258,0.7183
38.0000,11.7878,0.2330,0.2365,0.5637,0.2258,0.7186
39.0000,11.7799,0.2330,0.2365,0.5637,0.2260,0.7183
40.0000,11.7723,0.2341,0.2365,0.5643,0.2262,0.7182
41.0000,11.7648,0.2344,0.2365,0.5652,0.2263,0.7184
42.0000,11.7576,0.2359,0.2365,0.5658,0.2270,0.7176
43.0000,11.7505,0.2353,0.2365,0.5655,0.2270,0.7178
44.0000,11.7436,0.2368,0.2365,0.5661,0.2274,0.7179
45.0000,11.7368,0.2380,0.2365,0.5676,0.2282,0.7173
46.0000,11.7302,0.2392,0.2365,0.5673,0.2280,0.7174
47.0000,11.7238,0.2395,0.2365,0.5679,0.2282,0.7170
48.0000,11.7176,0.2395,0.2365,0.5679,0.2287,0.7166
49.0000,11.7114,0.2401,0.2365,0.5688,0.2293,0.7162
50.0000,11.7054,0.2398,0.2365,0.5694,0.2293,0.7164
51.0000,11.6996,0.2418,0.2365,0.5702,0.2298,0.7157
52.0000,11.6939,0.2427,0.2365,0.5711,0.2296,0.7155
53.0000,11.6883,0.2427,0.2365,0.5714,0.2297,0.7154
54.0000,11.6828,0.2430,0.2365,0.5711,0.2297,0.7157
55.0000,11.6775,0.2424,0.2365,0.5714,0.2298,0.7157
56.0000,11.6723,0.2427,0.2365,0.5711,0.2300,0.7156
57.0000,11.6671,0.2430,0.2365,0.5723,0.2306,0.7149
58.0000,11.6621,0.2427,0.2365,0.5723,0.2308,0.7149
59.0000,11.6572,0.2424,0.2365,0.5723,0.2309,0.7148
60.0000,11.6524,0.2436,0.2365,0.5720,0.2311,0.7147
61.0000,11.6477,0.2430,0.2365,0.5729,0.2314,0.7144
62.0000,11.6431,0.2439,0.2365,0.5726,0.2313,0.7145
63.0000,11.6386,0.2454,0.2365,0.5732,0.2312,0.7143
64.0000,11.6342,0.2463,0.2365,0.5744,0.2318,0.7140
65.0000,11.6299,0.2463,0.2365,0.5744,0.2319,0.7140
66.0000,11.6256,0.2463,0.2365,0.5747,0.2321,0.7141
67.0000,11.6215,0.2478,0.2365,0.5747,0.2326,0.7136
68.0000,11.6174,0.2487,0.2365,0.5747,0.2326,0.7136
69.0000,11.6134,0.2493,0.2365,0.5756,0.2333,0.7125
70.0000,11.6095,0.2499,0.2365,0.5759,0.2334,0.7125
71.0000,11.6056,0.2501,0.2365,0.5762,0.2335,0.7123
72.0000,11.6019,0.2504,0.2365,0.5765,0.2337,0.7120
73.0000,11.5982,0.2507,0.2365,0.5768,0.2337,0.7120
74.0000,11.5945,0.2522,0.2365,0.5768,0.2338,0.7120
75.0000,11.5910,0.2525,0.2365,0.5765,0.2340,0.7117
76.0000,11.5875,0.2534,0.2365,0.5765,0.2336,0.7121
77.0000,11.5841,0.2537,0.2365,0.5765,0.2337,0.7122
78.0000,11.5807,0.2540,0.2365,0.5762,0.2333,0.7123
79.0000,11.5774,0.2540,0.2365,0.5759,0.2332,0.7124
80.0000,11.5741,0.2546,0.2365,0.5756,0.2329,0.7127
81.0000,11.5710,0.2561,0.2365,0.5756,0.2329,0.7127
82.0000,11.5678,0.2573,0.2365,0.5759,0.2329,0.7125
83.0000,11.5648,0.2576,0.2365,0.5762,0.2330,0.7122
84.0000,11.5618,0.2584,0.2365,0.5765,0.2333,0.7121
85.0000,11.5588,0.2590,0.2365,0.5771,0.2335,0.7120
86.0000,11.5559,0.2590,0.2365,0.5768,0.2337,0.7117
87.0000,11.5530,0.2590,0.2365,0.5768,0.2337,0.7117
88.0000,11.5502,0.2602,0.2365,0.5768,0.2336,0.7117
89.0000,11.5475,0.2611,0.2365,0.5768,0.2335,0.7117
90.0000,11.5447,0.2611,0.2365,0.5765,0.2333,0.7117
91.0000,11.5421,0.2617,0.2365,0.5759,0.2332,0.7117
92.0000,11.5395,0.2617,0.2365,0.5759,0.2332,0.7117
93.0000,11.5369,0.2620,0.2365,0.5753,0.2330,0.7119
94.0000,11.5344,0.2620,0.2365,0.5759,0.2331,0.7118
95.0000,11.5319,0.2635,0.2365,0.5762,0.2332,0.7118
96.0000,11.5294,0.2635,0.2365,0.5759,0.2330,0.7119
97.0000,11.5270,0.2641,0.2365,0.5762,0.2331,0.7118
98.0000,11.5247,0.2647,0.2365,0.5759,0.2332,0.7118
99.0000,11.5223,0.2647,0.2365,0.5753,0.2330,0.7118
100.0000,11.5201,0.2650,0.2365,0.5759,0.2331,0.7115
101.0000,11.5146,0.2650,0.2365,0.5759,0.2331,0.7115
102.0000,11.5144,0.2650,0.2365,0.5756,0.2329,0.7117
103.0000,11.5142,0.2647,0.2365,0.5753,0.2328,0.7118
104.0000,11.5140,0.2647,0.2365,0.5753,0.2326,0.7118
105.0000,11.5137,0.2650,0.2365,0.5750,0.2326,0.7119
106.0000,11.5135,0.2653,0.2365,0.5750,0.2324,0.7121
107.0000,11.5133,0.2650,0.2365,0.5750,0.2323,0.7122
108.0000,11.5131,0.2650,0.2365,0.5750,0.2323,0.7122
109.0000,11.5129,0.2650,0.2365,0.5750,0.2323,0.7122
110.0000,11.5127,0.2653,0.2365,0.5750,0.2323,0.7122
111.0000,11.5124,0.2653,0.2365,0.5750,0.2323,0.7122
112.0000,11.5122,0.2653,0.2365,0.5750,0.2323,0.7122
113.0000,11.5120,0.2653,0.2365,0.5750,0.2323,0.7122
114.0000,11.5118,0.2653,0.2365,0.5750,0.2323,0.7122
115.0000,11.5116,0.2650,0.2365,0.5750,0.2323,0.7122
116.0000,11.5114,0.2650,0.2365,0.5750,0.2324,0.7121
117.0000,11.5111,0.2656,0.2365,0.5750,0.2324,0.7121
118.0000,11.5109,0.2656,0.2365,0.5750,0.2323,0.7122
119.0000,11.5107,0.2656,0.2365,0.5750,0.2323,0.7122
120.0000,11.5105,0.2656,0.2365,0.5750,0.2323,0.7122
121.0000,11.5103,0.2656,0.2365,0.5750,0.2323,0.7122
122.0000,11.5101,0.2656,0.2365,0.5750,0.2323,0.7122
123.0000,11.5099,0.2656,0.2365,0.5750,0.2324,0.7119
124.0000,11.5097,0.2656,0.2365,0.5750,0.2324,0.7119
125.0000,11.5094,0.2656,0.2365,0.5750,0.2326,0.7119
126.0000,11.5092,0.2656,0.2365,0.5750,0.2326,0.7119
127.0000,11.5090,0.2656,0.2365,0.5750,0.2326,0.7119
128.0000,11.5088,0.2656,0.2365,0.5750,0.2326,0.7119
129.0000,11.5086,0.2656,0.2365,0.5750,0.2326,0.7119
130.0000,11.5084,0.2656,0.2365,0.5750,0.2326,0.7119
131.0000,11.5082,0.2656,0.2365,0.5750,0.2326,0.7119
132.0000,11.5080,0.2656,0.2365,0.5750,0.2326,0.7119
133.0000,11.5078,0.2656,0.2365,0.5750,0.2326,0.7119
134.0000,11.5076,0.2656,0.2365,0.5753,0.2326,0.7118
135.0000,11.5073,0.2656,0.2365,0.5750,0.2326,0.7119
136.0000,11.5071,0.2656,0.2365,0.5750,0.2326,0.7119
137.0000,11.5069,0.2659,0.2365,0.5750,0.2326,0.7119
138.0000,11.5067,0.2659,0.2365,0.5747,0.2324,0.7119
139.0000,11.5065,0.2659,0.2365,0.5747,0.2324,0.7119
140.0000,11.5063,0.2659,0.2365,0.5747,0.2324,0.7119
141.0000,11.5061,0.2659,0.2365,0.5747,0.2324,0.7119
142.0000,11.5059,0.2659,0.2365,0.5747,0.2324,0.7119
143.0000,11.5057,0.2659,0.2365,0.5747,0.2324,0.7119
144.0000,11.5055,0.2659,0.2365,0.5747,0.2324,0.7119
145.0000,11.5053,0.2659,0.2365,0.5747,0.2324,0.7119
146.0000,11.5051,0.2659,0.2365,0.5747,0.2324,0.7119
147.0000,11.5049,0.2659,0.2365,0.5747,0.2324,0.7119
148.0000,11.5047,0.2659,0.2365,0.5747,0.2324,0.7119
149.0000,11.5045,0.2659,0.2365,0.5747,0.2324,0.7119
150.0000,11.5043,0.2659,0.2365,0.5747,0.2324,0.7119
151.0000,11.5037,0.2659,0.2365,0.5747,0.2324,0.7119
152.0000,11.5037,0.2659,0.2365,0.5747,0.2324,0.7119
153.0000,11.5037,0.2659,0.2365,0.5747,0.2324,0.7119
154.0000,11.5037,0.2659,0.2365,0.5747,0.2324,0.7119
155.0000,11.5037,0.2659,0.2365,0.5747,0.2324,0.7119
156.0000,11.5036,0.2659,0.2365,0.5747,0.2324,0.7119
157.0000,11.5036,0.2659,0.2365,0.5747,0.2324,0.7119
158.0000,11.5036,0.2659,0.2365,0.5747,0.2324,0.7119
159.0000,11.5036,0.2659,0.2365,0.5747,0.2324,0.7119
160.0000,11.5036,0.2659,0.2365,0.5747,0.2324,0.7119
161.0000,11.5035,0.2659,0.2365,0.5747,0.2324,0.7119
162.0000,11.5035,0.2659,0.2365,0.5747,0.2324,0.7119
163.0000,11.5035,0.2659,0.2365,0.5747,0.2324,0.7119
164.0000,11.5035,0.2659,0.2365,0.5747,0.2324,0.7119
165.0000,11.5035,0.2659,0.2365,0.5747,0.2324,0.7119
166.0000,11.5034,0.2659,0.2365,0.5747,0.2324,0.7119
167.0000,11.5034,0.2659,0.2365,0.5747,0.2324,0.7119
168.0000,11.5034,0.2659,0.2365,0.5747,0.2324,0.7119
169.0000,11.5034,0.2659,0.2365,0.5747,0.2324,0.7119
170.0000,11.5034,0.2659,0.2365,0.5747,0.2324,0.7119
171.0000,11.5033,0.2662,0.2365,0.5747,0.2324,0.7119
172.0000,11.5033,0.2662,0.2365,0.5747,0.2324,0.7119
173.0000,11.5033,0.2662,0.2365,0.5747,0.2324,0.7119
174.0000,11.5033,0.2662,0.2365,0.5747,0.2324,0.7119
175.0000,11.5033,0.2662,0.2365,0.5747,0.2324,0.7119
176.0000,11.5032,0.2662,0.2365,0.5747,0.2324,0.7119
177.0000,11.5032,0.2662,0.2365,0.5747,0.2324,0.7119
178.0000,11.5032,0.2662,0.2365,0.5747,0.2324,0.7119
179.0000,11.5032,0.2662,0.2365,0.5747,0.2324,0.7119
180.0000,11.5032,0.2662,0.2365,0.5747,0.2324,0.7119
181.0000,11.5031,0.2662,0.2365,0.5747,0.2324,0.7119
182.0000,11.5031,0.2662,0.2365,0.5747,0.2324,0.7119
183.0000,11.5031,0.2662,0.2365,0.5747,0.2324,0.7119
184.0000,11.5031,0.2662,0.2365,0.5747,0.2324,0.7119
185.0000,11.5031,0.2662,0.2365,0.5747,0.2324,0.7119
186.0000,11.5030,0.2662,0.2365,0.5747,0.2324,0.7119
187.0000,11.5030,0.2662,0.2365,0.5747,0.2324,0.7119
188.0000,11.5030,0.2662,0.2365,0.5747,0.2324,0.7119
189.0000,11.5030,0.2662,0.2365,0.5747,0.2324,0.7119
190.0000,11.5030,0.2662,0.2365,0.5747,0.2324,0.7119
191.0000,11.5029,0.2662,0.2365,0.5747,0.2324,0.7119
192.0000,11.5029,0.2662,0.2365,0.5747,0.2324,0.7119
193.0000,11.5029,0.2662,0.2365,0.5747,0.2324,0.7119
194.0000,11.5029,0.2662,0.2365,0.5747,0.2324,0.7119
195.0000,11.5029,0.2662,0.2365,0.5747,0.2324,0.7119
196.0000,11.5028,0.2662,0.2365,0.5747,0.2324,0.7119
197.0000,11.5028,0.2662,0.2365,0.5747,0.2324,0.7119
198.0000,11.5028,0.2662,0.2365,0.5747,0.2324,0.7119
199.0000,11.5028,0.2662,0.2365,0.5747,0.2324,0.7119
200.0000,11.5028,0.2662,0.2365,0.5747,0.2324,0.7119
